<?xml version="1.0" encoding="UTF-8"?>
<!DOCTYPE mapper PUBLIC "-//mybatis.org//DTD Mapper 3.0//EN" "http://mybatis.org/dtd/mybatis-3-mapper.dtd">
<mapper namespace="com.mindskip.yuan.repository.TaskExamCustomerAnswerMapper">
  <resultMap id="BaseResultMap" type="com.mindskip.yuan.domain.TaskExamCustomerAnswer">
    <id column="id" jdbcType="INTEGER" property="id" />
    <result column="task_exam_id" jdbcType="INTEGER" property="taskExamId" />
    <result column="create_user" jdbcType="INTEGER" property="createUser" />
    <result column="create_time" jdbcType="TIMESTAMP" property="createTime" />
    <result column="text_content_id" jdbcType="INTEGER" property="textContentId" />
  </resultMap>
  <sql id="Base_Column_List">
    id, task_exam_id, create_user, create_time, text_content_id
  </sql>
  <select id="selectByPrimaryKey" parameterType="java.lang.Integer" resultMap="BaseResultMap">
    select
    <include refid="Base_Column_List" />
    from t_task_exam_customer_answer
    where id = #{id,jdbcType=INTEGER}
  </select>
  <delete id="deleteByPrimaryKey" parameterType="java.lang.Integer">
    delete from t_task_exam_customer_answer
    where id = #{id,jdbcType=INTEGER}
  </delete>
  <insert id="insert" parameterType="com.mindskip.yuan.domain.TaskExamCustomerAnswer" useGeneratedKeys="true" keyProperty="id">
    insert into t_task_exam_customer_answer (id, task_exam_id, create_user,
      create_time, text_content_id)
    values (#{id,jdbcType=INTEGER}, #{taskExamId,jdbcType=INTEGER}, #{createUser,jdbcType=INTEGER},
      #{createTime,jdbcType=TIMESTAMP}, #{textContentId,jdbcType=INTEGER})
  </insert>
  <insert id="insertSelective" parameterType="com.mindskip.yuan.domain.TaskExamCustomerAnswer" useGeneratedKeys="true" keyProperty="id">
    insert into t_task_exam_customer_answer
    <trim prefix="(" suffix=")" suffixOverrides=",">
      <if test="id != null">
        id,
      </if>
      <if test="taskExamId != null">
        task_exam_id,
      </if>
      <if test="createUser != null">
        create_user,
      </if>
      <if test="createTime != null">
        create_time,
      </if>
      <if test="textContentId != null">
        text_content_id,
      </if>
    </trim>
    <trim prefix="values (" suffix=")" suffixOverrides=",">
      <if test="id != null">
        #{id,jdbcType=INTEGER},
      </if>
      <if test="taskExamId != null">
        #{taskExamId,jdbcType=INTEGER},
      </if>
      <if test="createUser != null">
        #{createUser,jdbcType=INTEGER},
      </if>
      <if test="createTime != null">
        #{createTime,jdbcType=TIMESTAMP},
      </if>
      <if test="textContentId != null">
        #{textContentId,jdbcType=INTEGER},
      </if>
    </trim>
  </insert>
  <update id="updateByPrimaryKeySelective" parameterType="com.mindskip.yuan.domain.TaskExamCustomerAnswer">
    update t_task_exam_customer_answer
    <set>
      <if test="taskExamId != null">
        task_exam_id = #{taskExamId,jdbcType=INTEGER},
      </if>
      <if test="createUser != null">
        create_user = #{createUser,jdbcType=INTEGER},
      </if>
      <if test="createTime != null">
        create_time = #{createTime,jdbcType=TIMESTAMP},
      </if>
      <if test="textContentId != null">
        text_content_id = #{textContentId,jdbcType=INTEGER},
      </if>
    </set>
    where id = #{id,jdbcType=INTEGER}
  </update>
  <update id="updateByPrimaryKey" parameterType="com.mindskip.yuan.domain.TaskExamCustomerAnswer">
    update t_task_exam_customer_answer
    set task_exam_id = #{taskExamId,jdbcType=INTEGER},
      create_user = #{createUser,jdbcType=INTEGER},
      create_time = #{createTime,jdbcType=TIMESTAMP},
      text_content_id = #{textContentId,jdbcType=INTEGER}
    where id = #{id,jdbcType=INTEGER}
  </update>




  <select id="getByTUid"  resultMap="BaseResultMap">
    select
    <include refid="Base_Column_List" />
    from t_task_exam_customer_answer
    where task_exam_id = #{tid} and create_user=#{uid}
    limit 1
  </select>


  <select id="selectByTUid"  resultMap="BaseResultMap">
    select
    <include refid="Base_Column_List" />
    from t_task_exam_customer_answer
    where create_user=#{uid} and
    task_exam_id in
    <foreach collection="taskIds" open="(" close=")" separator="," item="id">
      #{id}
    </foreach>
  </select>

</mapper>
