<?xml version="1.0" encoding="UTF-8"?>
<!DOCTYPE mapper PUBLIC "-//mybatis.org//DTD Mapper 3.0//EN" "http://mybatis.org/dtd/mybatis-3-mapper.dtd">
<mapper namespace="com.mindskip.yuan.repository.UserEventLogMapper">
  <resultMap id="BaseResultMap" type="com.mindskip.yuan.domain.UserEventLog">
    <id column="id" jdbcType="INTEGER" property="id" />
    <result column="user_id" jdbcType="INTEGER" property="userId" />
    <result column="user_name" jdbcType="VARCHAR" property="userName" />
    <result column="real_name" jdbcType="VARCHAR" property="realName" />
    <result column="content" jdbcType="VARCHAR" property="content" />
    <result column="create_time" jdbcType="TIMESTAMP" property="createTime" />
  </resultMap>
  <sql id="Base_Column_List">
    id, user_id, user_name, real_name, content, create_time
  </sql>
  <select id="selectByPrimaryKey" parameterType="java.lang.Integer" resultMap="BaseResultMap">
    select
    <include refid="Base_Column_List" />
    from t_user_event_log
    where id = #{id,jdbcType=INTEGER}
  </select>
  <delete id="deleteByPrimaryKey" parameterType="java.lang.Integer">
    delete from t_user_event_log
    where id = #{id,jdbcType=INTEGER}
  </delete>
  <insert id="insert" parameterType="com.mindskip.yuan.domain.UserEventLog" useGeneratedKeys="true" keyProperty="id">
    insert into t_user_event_log (id, user_id, user_name,
      real_name, content, create_time
      )
    values (#{id,jdbcType=INTEGER}, #{userId,jdbcType=INTEGER}, #{userName,jdbcType=VARCHAR},
      #{realName,jdbcType=VARCHAR}, #{content,jdbcType=VARCHAR}, #{createTime,jdbcType=TIMESTAMP}
      )
  </insert>
  <insert id="insertSelective" parameterType="com.mindskip.yuan.domain.UserEventLog" useGeneratedKeys="true" keyProperty="id">
    insert into t_user_event_log
    <trim prefix="(" suffix=")" suffixOverrides=",">
      <if test="id != null">
        id,
      </if>
      <if test="userId != null">
        user_id,
      </if>
      <if test="userName != null">
        user_name,
      </if>
      <if test="realName != null">
        real_name,
      </if>
      <if test="content != null">
        content,
      </if>
      <if test="createTime != null">
        create_time,
      </if>
    </trim>
    <trim prefix="values (" suffix=")" suffixOverrides=",">
      <if test="id != null">
        #{id,jdbcType=INTEGER},
      </if>
      <if test="userId != null">
        #{userId,jdbcType=INTEGER},
      </if>
      <if test="userName != null">
        #{userName,jdbcType=VARCHAR},
      </if>
      <if test="realName != null">
        #{realName,jdbcType=VARCHAR},
      </if>
      <if test="content != null">
        #{content,jdbcType=VARCHAR},
      </if>
      <if test="createTime != null">
        #{createTime,jdbcType=TIMESTAMP},
      </if>
    </trim>
  </insert>
  <update id="updateByPrimaryKeySelective" parameterType="com.mindskip.yuan.domain.UserEventLog">
    update t_user_event_log
    <set>
      <if test="userId != null">
        user_id = #{userId,jdbcType=INTEGER},
      </if>
      <if test="userName != null">
        user_name = #{userName,jdbcType=VARCHAR},
      </if>
      <if test="realName != null">
        real_name = #{realName,jdbcType=VARCHAR},
      </if>
      <if test="content != null">
        content = #{content,jdbcType=VARCHAR},
      </if>
      <if test="createTime != null">
        create_time = #{createTime,jdbcType=TIMESTAMP},
      </if>
    </set>
    where id = #{id,jdbcType=INTEGER}
  </update>
  <update id="updateByPrimaryKey" parameterType="com.mindskip.yuan.domain.UserEventLog">
    update t_user_event_log
    set user_id = #{userId,jdbcType=INTEGER},
      user_name = #{userName,jdbcType=VARCHAR},
      real_name = #{realName,jdbcType=VARCHAR},
      content = #{content,jdbcType=VARCHAR},
      create_time = #{createTime,jdbcType=TIMESTAMP}
    where id = #{id,jdbcType=INTEGER}
  </update>






  <select id="getUserEventLogByUserId" resultMap="BaseResultMap">
    select
    <include refid="Base_Column_List"/>
    from t_user_event_log
    where user_id=#{value}
    order by id desc
    limit 10
  </select>

  <select id="page" resultMap="BaseResultMap" parameterType="com.mindskip.yuan.viewmodel.admin.user.UserEventPageRequestVM">
    select
    <include refid="Base_Column_List"/>
    from t_user_event_log
    <where>
      <if test="userId != null">
         and user_id= #{userId}
      </if>
      <if test="userName != null">
        and user_name= #{userName}
      </if>
    </where>
  </select>


  <select id="selectCountByDate"  resultType="com.mindskip.yuan.domain.other.KeyValue">
		SELECT create_time as name,COUNT(create_time) as value from
		        (
				  SELECT DATE_FORMAT(create_time,'%Y-%m-%d') as create_time from t_user_event_log
					WHERE  create_time  between  #{startTime}  and  #{endTime}
				) a
		GROUP BY create_time
	</select>


</mapper>
